{"cameraMode":{"drawMode":0,"name":"Shaded","section":"Shading Mode"},"sceneLighting":true,"audioPlay":false,"sceneViewState":{"m_AlwaysRefresh":false,"showFog":true,"showSkybox":true,"showFlares":true,"showImageEffects":true,"showParticleSystems":true,"showVisualEffectGraphs":true,"m_FxEnabled":true},"in2DMode":false,"pivot":{"x":1.8803043365478516,"y":2.932523727416992,"z":3.3147878646850588},"rotation":{"x":0.14475025236606599,"y":-0.5204911828041077,"z":0.09004810452461243,"w":0.8366796374320984},"size":9.082463264465332,"orthographic":true}