{"cameraMode":{"drawMode":0,"name":"Shaded","section":"Shading Mode"},"sceneLighting":true,"audioPlay":false,"sceneViewState":{"m_AlwaysRefresh":false,"showFog":true,"showSkybox":true,"showFlares":true,"showImageEffects":true,"showParticleSystems":true,"showVisualEffectGraphs":true,"m_FxEnabled":true},"in2DMode":false,"pivot":{"x":-2.0962982177734377,"y":8.437722206115723,"z":1.8268556594848633},"rotation":{"x":0.1313600093126297,"y":-0.35709309577941897,"z":0.05079957842826843,"w":0.9233920574188232},"size":9.249678611755371,"orthographic":true}