{"cameraMode":{"drawMode":0,"name":"Shaded","section":"Shading Mode"},"sceneLighting":false,"audioPlay":false,"sceneViewState":{"m_AlwaysRefresh":false,"showFog":true,"showSkybox":false,"showFlares":true,"showImageEffects":true,"showParticleSystems":true,"showVisualEffectGraphs":true,"m_FxEnabled":true},"in2DMode":false,"pivot":{"x":5.167300701141357,"y":2.2021031379699709,"z":0.19858765602111817},"rotation":{"x":0.20225243270397187,"y":0.6770082712173462,"z":-0.20188818871974946,"w":0.6782322525978088},"size":0.3728768527507782,"orthographic":true}